<?xml version="1.0" encoding="UTF-8"?>
<project-private xmlns="http://www.netbeans.org/ns/project-private/1">
    <editor-bookmarks xmlns="http://www.netbeans.org/ns/editor-bookmarks/2" lastBookmarkId="0"/>
    <open-files xmlns="http://www.netbeans.org/ns/projectui-open-files/2">
        <group>
            <file>file:/F:/Desktop/Code/Java/Salon%20and%20Spa%20management/src/salon/and/spa/management/EmployeeRecord.java</file>
            <file>file:/F:/Desktop/Code/Java/Salon%20and%20Spa%20management/src/salon/and/spa/management/inventory.java</file>
            <file>file:/F:/Desktop/Code/Java/Salon%20and%20Spa%20management/src/salon/and/spa/management/Menu.java</file>
            <file>file:/F:/Desktop/Code/Java/Salon%20and%20Spa%20management/src/salon/and/spa/management/new_menu.java</file>
            <file>file:/F:/Desktop/Code/Java/Salon%20and%20Spa%20management/src/salon/and/spa/management/Final_login.java</file>
            <file>file:/F:/Desktop/Code/Java/Salon%20and%20Spa%20management/src/salon/and/spa/management/InvalidDateException.java</file>
            <file>file:/F:/Desktop/Code/Java/Salon%20and%20Spa%20management/src/salon/and/spa/management/new_appoinment.java</file>
        </group>
    </open-files>
</project-private>
